id,title,firstname,lastname,street,city,email,age,amount,orders
139,Frau Dr.,Hasan,Funk,Ortrud-Bruns-Ring 9,Nettetal,jorn.franz@gmx.de,25,236.00,5
6,Herr,Valeri,Stumpf,Krebsallee 90a,Mainz,hvetter@hotmail.de,67,,0
104,Frau Prof.,Nikolai,Kluge,Theresia-Fuhrmann-Allee 495,Euskirchen,margitta.voss@freenet.de,27,258.00,7
105,Frau,Darius,Klaus,Elisabeth-Reichert-Platz 6,Gladbeck,heinzdieter81@posteo.de,48,624.00,9
107,Herr Prof.,Lydia,Walter,Finkplatz 73,Grimma,hempel.holger@web.de,74,221.00,4
108,Frau,Regina,Henning,Silke-Riedel-Straße 8c,Weiterstadt,bkraus@yahoo.de,27,246.00,5
109,Frau,Hanspeter,Fink,Kriegerstraße 160,Ludwigsburg,sabina.fink@t-online.de,18,396.00,9
110,Herr Prof. Dr.,Henriette,Binder,Josefa-Brandt-Platz 3,Ahlen,jfuhrmann@mail.de,20,224.00,5
111,Frau,Norbert,Kühn,Rico-Lange-Ring 790,Gummersbach,eckhard62@hotmail.de,49,595.00,10
113,Herr Dr.,Hasan,Albers,Helena-Bühler-Platz 4b,Jülich,jacqueline67@freenet.de,62,302.00,7
114,Herr,Giesela,Maier,Hermann-Josef-Benz-Ring 3,Freising,nbehrens@gmail.com,32,251.00,5
186,Frau Dr.,Christl,Lechner,Roland-Bertram-Platz 5,Lippstadt,meister.karlludwig@gmail.com,54,529.00,10
13,Herr Dr.,Jutta,Ebert,Simon-Kessler-Platz 4a,Marl,steinbach.achim@web.de,53,,0
166,Herr Dr.,Mona,Wittmann,Katarina-Ackermann-Weg 113,Horb am Neckar,wolf91@googlemail.com,77,475.00,9
167,Herr Prof. Dr.,Sibylle,Wegner,Hoppegasse 91a,Geestland,glindemann@gmail.com,76,222.00,5
168,Herr,Ursel,Schrader,Reinhold-Bach-Ring 0c,Bad Mergentheim,kohler.karlheinz@googlemail.com,50,246.00,4
196,Herr Prof. Dr.,Sofia,Rausch,Ilse-Rau-Straße 69,Übach-Palenberg,falko68@hotmail.de,27,253.00,9
198,Frau Prof. Dr.,Burkhard,Steinbach,Christina-Noack-Platz 5/9,Voerde (Niederrhein),siegmund82@gmail.com,22,111.00,2
7,Frau Prof.,Gitta,Strauß,Fleischmanngasse 766,Metzingen,rsauer@googlemail.com,79,,0
8,Herr Prof.,Wolfgang,Reimer,Neubertplatz 15a,Detmold,ursula38@freenet.de,51,,0
169,Herr,Rebecca,Hartwig,Wulfallee 5/0,Fürstenfeldbruck,erna60@yahoo.de,72,282.00,7
170,Herr Prof.,Oskar,Sauer,Vollmerstr. 98,Bünde,meta82@aol.de,59,211.00,6
171,Frau Prof. Dr.,Edwin,Reinhardt,Pfeifergasse 423,Traunreut,hermann.hennig@mail.de,20,273.00,4
172,Frau Prof. Dr.,Silvana,Zander,Seifertallee 92,Lohne (Oldenburg),nwild@aol.de,61,98.00,2
145,Herr,Ingeburg,Sommer,Schumacherstr. 8c,Landshut,theresa.straub@gmx.de,60,464.00,8
173,Herr Prof.,Karl-Friedrich,Wunderlich,Gerhild-Wittmann-Straße 46c,Berlin,roger01@gmx.de,20,439.00,9
174,Herr Prof. Dr.,Torsten,Köster,Heinemannweg 75,Göppingen,hansgerd82@t-online.de,51,317.00,5
175,Herr Prof.,Elise,Hermann,Nikolaus-Haupt-Gasse 58c,Kulmbach,dagmar.bischoff@googlemail.com,18,324.00,5
176,Frau Dr.,Giesela,Barthel,Ralph-Jahn-Platz 5/2,Kehl,danny09@gmx.de,74,177.00,3
177,Herr Dr.,Alwin,Greiner,Thomasweg 41,Dortmund,resi.riedl@gmx.de,29,332.00,7
178,Frau Dr.,Gunther,Born,Finkgasse 2,Maintal,richard.busch@yahoo.de,59,345.00,9
179,Frau Dr.,Swetlana,Schröter,Doris-Witt-Ring 308,Meppen,qlindner@posteo.de,19,229.00,5
180,Frau Prof. Dr.,Achim,Hofmann,Hüseyin-Niemann-Allee 95,Lahr/Schwarzwald,klaudia81@aol.de,39,354.00,6
181,Frau Prof. Dr.,Britta,Fritz,Schrammstraße 1a,Rietberg,ida03@posteo.de,28,683.00,12
182,Herr Dr.,Patricia,Löffler,Dorothee-Born-Straße 7,Riesa,engelbert.langer@freenet.de,41,301.00,6
183,Herr Prof.,Wendelin,Bartels,Henrik-Herold-Straße 2,Hanau,qkolb@yahoo.de,77,260.00,7
21,Frau Prof.,Tamara,Hentschel,Frickeweg 8,Remscheid,hinz.lorenz@gmx.de,33,,0
22,Herr Prof. Dr.,Heidi,Urban,Ines-Seiler-Gasse 9,Nagold,kurt.martens@mail.de,30,98.00,1
23,Herr Dr.,Waltraud,Beckmann,Marina-Neuhaus-Platz 5a,Stuttgart,xhofmann@web.de,39,121.00,2
24,Frau Prof. Dr.,Regine,Bayer,Hagenplatz 215,Fulda,klara.eichhorn@freenet.de,39,147.00,3
59,Herr Prof.,Karolina,Schuler,Kurzweg 27a,Löhne,msonntag@hotmail.de,43,227.00,5
187,Frau Prof.,Luigi,Schultz,Karl-Ludwig-Kraus-Ring 8,Dietzenbach,lechner.sophie@aol.de,48,387.00,7
130,Herr Dr.,Lena,Müller,Julia-Horn-Gasse 6a,Lüneburg,nikolai.ehlers@freenet.de,77,344.00,5
131,Frau Dr.,Mirco,Fleischer,Ackermannstraße 668,Mannheim,haas.erwin@t-online.de,58,527.00,11
132,Frau,Michael,Moritz,Rosel-Kessler-Straße 6b,Barsinghausen,doreen36@web.de,49,598.00,9
133,Frau,Clemens,Breuer,Papestraße 4,Rottweil,jacobs.ramazan@posteo.de,26,329.00,8
134,Frau Prof. Dr.,Denis,Kroll,Sommerstr. 28,Ilmenau,christopher36@web.de,56,199.00,5
135,Herr Prof. Dr.,Natascha,Krug,Meinhard-Geiger-Gasse 45c,Schwedt/Oder,sebastian48@yahoo.de,36,542.00,9
136,Frau Dr.,Robin,Jacob,Daniela-Krause-Ring 6/0,Wipperfürth,opitz.adolf@yahoo.de,45,162.00,4
137,Herr Prof. Dr.,Heinz-Jürgen,Heck,Simona-Thiele-Allee 2,Königs Wusterhausen,neuhaus.heiner@live.de,73,302.00,6
138,Herr,Eleonore,Haupt,Bodeallee 44b,Fröndenberg/Ruhr,viktor.busch@live.de,36,457.00,8
16,Frau Prof. Dr.,Hanspeter,Bader,Hoffmannallee 7,Heide,lmetz@freenet.de,31,23.00,2
17,Frau Dr.,Emil,Reiter,Güntherstr. 0/7,Gummersbach,johanne.kramer@web.de,64,61.00,3
66,Frau Prof.,Maritta,Heck,Reichertstr. 25,Kaarst,anny.hartwig@gmail.com,77,109.00,2
18,Herr Dr.,Gustav,Schreiber,Sigrun-Metzger-Ring 3/9,Senftenberg,brunhilde52@live.de,65,37.00,1
19,Frau Prof. Dr.,Alwin,Brunner,Larissa-Bartsch-Gasse 6/3,Ditzingen,hess.arnd@gmx.de,23,248.00,5
140,Frau,Carola,Ziegler,Thielallee 67c,Rudolstadt,thamann@t-online.de,62,489.00,9
141,Frau Prof. Dr.,Gerald,Pfeifer,Danuta-Baur-Straße 01,Sprockhövel,mirco.grimm@web.de,26,211.00,3
142,Herr,Friedrich,Siebert,Birgit-Krebs-Straße 8b,Wallenhorst,gschubert@mail.de,24,476.00,8
159,Frau,Irina,Gebhardt,Merkelring 115,Gardelegen,balbers@live.de,80,498.00,8
160,Frau Dr.,Ingolf,Fuhrmann,Funkeweg 9/9,Geseke,isabell.eder@yahoo.de,54,386.00,6
161,Frau Prof. Dr.,Julia,Walter,Konradstraße 138,Lutherstadt Eisleben,olaf48@googlemail.com,31,394.00,9
162,Frau,Änne,Witte,Kerstin-Wenzel-Gasse 8,Berlin,decker.nadja@posteo.de,51,439.00,9
163,Frau Prof. Dr.,Danuta,Böttcher,Heidi-Ritter-Ring 09c,Bad Kreuznach,gerald.busch@gmx.de,27,318.00,6
164,Frau Prof. Dr.,Piotr,Jacob,Anna-Ackermann-Weg 9a,Bad Soden am Taunus,franke.albrecht@gmail.com,46,162.00,5
165,Herr,Ibrahim,Behrens,Heßallee 60b,Winnenden,hansdieter.dorn@hotmail.de,49,605.00,9
118,Herr Dr.,Barbara,Köhler,Kramergasse 56b,Schloß Holte-Stukenbrock,rhermann@aol.de,19,228.00,6
20,Frau,Josefa,Fischer,Hansjörg-Erdmann-Ring 983,Albstadt,lydia39@freenet.de,24,8.00,1
146,Frau Dr.,Eva,Eberhardt,Rauschstr. 43c,Xanten,ina01@gmail.com,43,547.00,10
147,Herr Prof. Dr.,Ingeborg,Mertens,Fröhlichstraße 0,Melle,udo.reichert@aol.de,41,492.00,11
148,Frau,Teresa,Haase,Eva-Maria-Fricke-Straße 475,Panketal,erich.renner@googlemail.com,58,461.00,9
149,Herr,Lore,Winkler,Heinz-Werner-Wilke-Allee 258,Andernach,magnus71@hotmail.de,41,470.00,9
150,Frau Prof.,Elsa,Hentschel,Mannplatz 0c,Meißen,boris52@web.de,23,374.00,8
151,Frau Prof. Dr.,Gundula,Döring,Marlies-Grimm-Ring 6c,Euskirchen,xbuhler@live.de,46,196.00,4
152,Frau Prof. Dr.,Christl,Funke,Brennerweg 9c,Roth,aloisia46@gmail.com,74,349.00,7
121,Frau,Stanislaw,Klein,Schüttering 2b,Germering,buck.hubert@aol.de,71,174.00,3
122,Frau Dr.,Minna,Naumann,Mike-Wiegand-Ring 3,Neuwied,ilona12@gmx.de,61,443.00,7
123,Herr Prof. Dr.,Toni,Kuhn,Kösterring 24,Greifswald,gertrude57@yahoo.de,49,278.00,5
124,Herr Dr.,Alma,Scheffler,Rosi-John-Weg 7b,Bottrop,johanne.kluge@yahoo.de,57,333.00,7
125,Herr,Hartmut,Wieland,Helen-Knoll-Platz 86c,Oranienburg,wagner.ida@aol.de,68,149.00,4
25,Frau Prof. Dr.,Christopher,Bühler,Anneliese-Witt-Ring 8/3,Gießen,aloisia67@gmx.de,61,182.00,2
26,Frau Prof. Dr.,Hildegard,Schramm,Vetterstraße 488,Reutlingen,koch.dorte@gmx.de,18,183.00,4
27,Herr Dr.,Margrit,Geyer,Nowakstraße 08a,Heidenheim an der Brenz,reinhardt.bernd@live.de,59,68.00,1
197,Frau,Marko,Marx,Margot-Rausch-Weg 25,Viersen,bertram90@aol.de,54,375.00,8
82,Frau Dr.,Wally,Kunz,Willibald-Fink-Platz 2/9,Alsdorf,sonke15@web.de,78,417.00,7
83,Frau Prof. Dr.,Pia,Janßen,Ludger-Steinbach-Gasse 63a,Holzminden,marek.gebhardt@posteo.de,62,28.00,3
84,Frau Prof. Dr.,Hüseyin,Janssen,Brandlstraße 2b,Rheinberg,marc.brinkmann@gmail.com,78,94.00,2
34,Herr Prof.,Jürgen,Schramm,Benderstraße 7b,Troisdorf,irina.zimmer@mail.de,51,235.00,4
35,Frau,Nadine,Kessler,Ackermannweg 2/9,Porta Westfalica,tsauter@gmail.com,48,91.00,2
36,Herr Prof.,Martina,Strauß,Sturmweg 1a,Lengerich,diethard.weiss@t-online.de,51,108.00,2
195,Frau,Katharina,Greiner,Wolterallee 1,Königswinter,karl.gertraud@freenet.de,54,447.00,9
70,Frau Prof. Dr.,Reinhold,Krauß,Jan-Konrad-Allee 3a,Wunstorf,karsten29@mail.de,58,158.00,4
153,Frau Prof. Dr.,Martha,Baumann,Jacobplatz 64,Haar,natascha.bock@gmail.com,71,291.00,8
120,Herr,Richard,Hecht,Moritz-Barthel-Platz 3,Büren,bettina29@posteo.de,31,347.00,7
144,Herr,Sigurd,Schreiber,Anatoli-Meister-Ring 325,Langen,joanna.jordan@freenet.de,60,261.00,6
10,Herr,Hartmut,Fröhlich,Wenzel-Beckmann-Gasse 02c,Weilheim in Oberbayern,yriedel@mail.de,77,,0
29,Herr Prof. Dr.,Magnus,Kruse,Burgerstraße 60c,Wallenhorst,altmann.florian@web.de,26,130.00,4
31,Frau Dr.,Konrad,Karl,Voigtring 7/9,Winsen (Luhe),bkoster@gmail.com,23,93.00,1
32,Frau Dr.,Nico,Grimm,Bärgasse 91b,Seevetal,fleischmann.silvio@googlemail.com,62,80.00,2
33,Herr Prof. Dr.,Nadine,Reinhardt,Neubertgasse 201,Tönisvorst,volkmar.philipp@t-online.de,40,241.00,4
15,Frau Dr.,Wiebke,Bernhardt,Agnes-Wieland-Ring 6a,Kirchheim unter Teck,lilli.kellner@gmx.de,57,86.00,1
156,Frau,Leonid,Auer,Sylvia-Harms-Weg 61b,Stendal,reuter.ella@hotmail.de,30,55.00,1
157,Frau,Osman,Wegner,Therese-Straub-Ring 20b,Geretsried,rosmarie.held@live.de,32,265.00,6
158,Herr,Barbara,Seiler,Nickelplatz 5,Nordenham,erik.strobel@yahoo.de,60,376.00,7
69,Herr Dr.,Klaus Dieter,Fischer,Margarete-Hauser-Platz 629,Rendsburg,willibald.hartwig@hotmail.de,68,173.00,2
71,Frau Prof. Dr.,Bastian,Reichel,Bogdan-Weigel-Allee 2/8,Lutherstadt Eisleben,bmerz@web.de,24,75.00,1
73,Herr Dr.,Annelies,Weiss,Jose-Forster-Gasse 851,Elmshorn,volkmar.nowak@t-online.de,35,263.00,5
74,Herr Prof. Dr.,Melitta,Weis,Krausestraße 3c,Groß-Gerau,rieger.tatjana@hotmail.de,21,193.00,5
199,Frau Prof.,Ahmed,Mohr,Willstraße 1b,Stade,katrin95@web.de,21,262.00,6
200,Frau Dr.,Jan,Frey,Engelstr. 492,Schwetzingen,steinbach.helena@web.de,36,208.00,6
72,Frau Dr.,Mathilde,Schulte,Hoppestraße 563,Soest,feichhorn@posteo.de,41,207.00,5
1,Frau Dr.,Dana,Mai,Roseweg 81,Brilon,otto77@gmail.com,58,,0
2,Herr Dr.,Gaby,Heinrich,Ahmet-Wolf-Platz 12,Neumünster,konstantin.blum@gmx.de,74,,0
3,Herr,Simon,Behrens,Hechtstraße 4,Arnstadt,heinzjoachim60@aol.de,68,,0
4,Frau,Meinolf,Kolb,Benedikt-Wiedemann-Gasse 8c,Bernburg (Saale),paul67@t-online.de,43,,0
28,Frau,Renata,Albers,Elmar-Seidl-Platz 9,Sankt Ingbert,constanze.mayer@freenet.de,62,27.00,1
57,Frau,Peter,Klaus,Veronika-Peter-Platz 807,Herrenberg,antonie.zimmermann@mail.de,43,247.00,3
58,Herr,Edda,Krause,Heinrichweg 58,Bad Homburg vor der Höhe,wegener.liesel@mail.de,49,285.00,5
61,Frau Prof.,Wenzel,Diehl,Schmitzallee 93,Senftenberg,klemens93@yahoo.de,43,240.00,5
62,Frau Prof.,Timo,Eder,René-Holz-Straße 3,Glauchau,sergej78@live.de,20,180.00,6
5,Frau Prof.,Waldemar,Gottschalk,Lisbeth-Hagen-Ring 0b,Lohne (Oldenburg),gertraude.funke@aol.de,30,,0
92,Herr Dr.,Anita,Lange,Heckgasse 01c,Westerstede,kunze.kornelia@gmx.de,57,132.00,4
93,Herr Prof. Dr.,Pierre,Kramer,Roger-Sommer-Ring 9c,Syke,christel.dittrich@aol.de,65,186.00,4
94,Frau Prof.,Danuta,Kroll,Theo-Wirth-Platz 3,Büren,stark.henry@yahoo.de,62,359.00,7
95,Frau Dr.,Nikolai,Seidl,Miriam-Maier-Platz 28a,Warendorf,mario17@googlemail.com,62,446.00,9
96,Herr Dr.,Enno,Hanke,Niels-Paul-Ring 043,Olpe,pgabriel@hotmail.de,55,231.00,4
97,Herr,Gabriele,Wilhelm,Frankeplatz 6/4,Barsinghausen,bthiel@t-online.de,44,261.00,8
98,Frau Dr.,Maik,Schuler,Nikolai-Brandl-Ring 5,Zwickau,bender.reimund@mail.de,63,170.00,4
99,Herr Prof. Dr.,Arno,Zander,Sylke-Kruse-Allee 00c,Flensburg,johanna.schade@posteo.de,47,307.00,4
101,Frau,Isabelle,Klaus,Nagelallee 8,Eckernförde,ingelore65@mail.de,40,226.00,4
102,Herr,Arno,Voß,Ria-Graf-Platz 59,Puchheim,grete39@hotmail.de,45,328.00,6
103,Herr,Tim,Schindler,Lothar-Strauß-Ring 08b,Geislingen an der Steige,vincenzo20@posteo.de,24,288.00,5
106,Herr Prof.,Ulf,Noack,Voigtring 962,Petershagen,marliese57@web.de,40,161.00,5
154,Herr Prof. Dr.,Brunhild,Schulte,Wera-Schuster-Allee 6/4,Baesweiler,ffleischmann@mail.de,18,96.00,4
155,Frau Prof.,Walburga,Rudolph,Torben-Heck-Allee 6,Siegburg,scholz.martina@googlemail.com,22,288.00,8
100,Herr Prof.,Miriam,Köhler,Arnoldstr. 3,Hof,traudel70@yahoo.de,21,280.00,7
9,Frau,Lina,Springer,Auerstraße 5,Duisburg,wmarx@gmx.de,31,,0
85,Frau Prof. Dr.,Michel,Hentschel,Nollplatz 63c,Erkelenz,danny.frank@mail.de,45,105.00,4
86,Frau,Pamela,Hamann,Fuchsallee 3/0,Borken,carla.hildebrandt@googlemail.com,71,373.00,8
87,Frau,Luigi,Fröhlich,Baierstraße 15,Ditzingen,gebhard21@freenet.de,42,375.00,5
88,Frau,Eckhard,Brand,John-Schade-Straße 2/7,Bad Oeynhausen,miroslaw.reich@gmx.de,73,92.00,1
90,Frau Dr.,Helmar,Vollmer,Karl-Heinrich-Lang-Platz 7/8,Papenburg,lange.hendrik@yahoo.de,51,216.00,4
91,Frau Prof.,Henri,Preuß,Hella-Opitz-Ring 5a,Ravensburg,sfuhrmann@yahoo.de,26,403.00,7
30,Herr Prof. Dr.,Anne,Bruns,Ulla-Neumann-Platz 286,Tübingen,irmtraut50@gmx.de,50,272.00,4
119,Herr Dr.,Felix,Weiß,Falkweg 01c,Geesthacht,ivo61@t-online.de,70,36.00,3
63,Frau Dr.,Loni,Wenzel,Friedrichring 8/4,Monheim am Rhein,hansdieter99@googlemail.com,29,166.00,4
64,Herr Prof.,Lucie,Schneider,Güntherstr. 54,Blieskastel,geisler.luzie@aol.de,18,154.00,3
65,Frau Dr.,Fred,Kuhn,Noackstraße 18,Bad Waldsee,horstdieter.burger@freenet.de,21,68.00,1
67,Frau,Teresa,Witt,Marianne-Schiller-Platz 28,Seelze,falk.babette@gmx.de,58,538.00,11
68,Herr Prof. Dr.,Henriette,Wieland,Marita-Hermann-Ring 506,Gevelsberg,frohlich.gerti@web.de,77,423.00,7
143,Herr Prof. Dr.,Gert,Kühn,Ahrensstraße 357,Blieskastel,plechner@aol.de,24,278.00,4
60,Frau Dr.,Imke,Wolter,Sonntagweg 9,Suhl,wladimir53@live.de,63,150.00,5
75,Herr Dr.,Anneliese,Steffen,Max-Wirth-Gasse 34a,Meckenheim,jlinke@googlemail.com,64,96.00,4
76,Frau,Günther,Knoll,Wolfram-Wimmer-Ring 89,Torgau,schulze.egbert@aol.de,66,316.00,4
77,Herr,Georg,Brückner,Mechthild-Ritter-Ring 80a,Bad Harzburg,heidemarie90@yahoo.de,52,221.00,5
78,Herr,Natascha,Erdmann,Simonweg 3,Herzogenrath,siegmund.konig@mail.de,55,301.00,6
79,Herr Prof.,Rudolf,Eberhardt,Yusuf-Herzog-Straße 3a,Salzkotten,dvogel@mail.de,64,320.00,5
80,Herr Dr.,Nico,Hiller,Wilhelmine-Fleischmann-Platz 37a,Kaltenkirchen,ebert.elfriede@freenet.de,27,182.00,7
81,Frau,Gerda,Bartsch,Pieperallee 55,Wolfsburg,ilona01@live.de,50,140.00,5
112,Frau,Fred,Beer,Nagelweg 4,Werne,cmoser@yahoo.de,62,248.00,4
49,Frau Dr.,Olga,Brand,Betzallee 7,Nordhorn,walther.isabell@hotmail.de,80,88.00,2
50,Frau Dr.,Markus,Hofmann,Siglinde-Eberhardt-Platz 4,Verden (Aller),hubner.ingelore@googlemail.com,19,295.00,6
51,Herr Prof.,Annemarie,Seifert,Müllerstr. 07,Oer-Erkenschwick,jschramm@yahoo.de,32,196.00,7
52,Herr Prof.,Kirsten,Jakob,Mohrstr. 113,Überlingen,hermann.hess@aol.de,60,386.00,5
53,Frau Dr.,Nancy,Noack,Sophia-Göbel-Gasse 8/1,Augsburg,cpreuss@yahoo.de,23,310.00,4
54,Frau Prof. Dr.,Ivonne,Heck,Natalja-Wirth-Weg 00b,Pirmasens,natalie87@yahoo.de,72,38.00,1
55,Herr Prof. Dr.,Henri,Haas,Karlheinz-Meißner-Weg 5/6,Andernach,ulrich.ziegler@googlemail.com,37,,0
115,Frau,Emma,Binder,Brigitta-Hauser-Straße 371,Ingolstadt,dschmitz@googlemail.com,61,216.00,3
116,Herr Prof. Dr.,Malte,Dorn,Frieda-Beck-Weg 34c,Stuhr,baum.arnold@t-online.de,31,139.00,4
117,Herr,Gerhild,Ziegler,Riegergasse 003,Bedburg,votto@googlemail.com,71,200.00,5
89,Frau,Hans,Böhm,Falkgasse 3,Gaggenau,qsauter@aol.de,49,393.00,5
126,Herr,Christiane,Breuer,Timo-Bühler-Gasse 688,Salzgitter,susanne.mohr@gmail.com,60,287.00,6
127,Herr Prof. Dr.,Anneliese,Stark,Irmtraut-Michels-Platz 4c,Bad Zwischenahn,wzander@web.de,32,648.00,14
128,Herr,Marie,Stoll,Beckallee 43,Garbsen,jorg.gruber@mail.de,49,141.00,8
43,Herr Prof.,Larissa,Menzel,Fischerallee 8b,Vreden,pkeil@web.de,52,175.00,3
129,Frau Prof.,Ralf,Decker,Dietmar-Hiller-Straße 0/4,Rietberg,becker.annelore@hotmail.de,21,145.00,5
37,Frau,Mirjam,Martens,Zieglerstraße 414,Husum,krause.piotr@hotmail.de,36,234.00,5
38,Herr Prof.,Paula,Will,Arndtring 70,Maintal,axel.meyer@hotmail.de,64,82.00,4
39,Frau,Albert,Fleischer,Westphalallee 9/5,Staßfurt,anneliese07@yahoo.de,23,184.00,4
40,Frau,Renata,Kretschmer,Tanja-Böhm-Allee 1/8,Delitzsch,marina44@mail.de,53,317.00,6
41,Frau Prof.,Marek,Wiesner,Mona-Kirsch-Platz 3b,Wesel,alois.walter@gmx.de,38,184.00,2
42,Herr Prof. Dr.,Reinhardt,Hildebrandt,Friedrich-Schulze-Gasse 322,Idar-Oberstein,franziska80@aol.de,72,93.00,2
44,Frau Prof. Dr.,Dietmar,Oswald,Ilona-Strauß-Straße 955,Göttingen,weckert@mail.de,18,39.00,1
45,Frau Prof. Dr.,Mehmet,Wenzel,Gesa-Greiner-Gasse 92,Zittau,uschi90@aol.de,52,101.00,2
46,Frau Prof.,Vanessa,Hoffmann,Kremerweg 8/5,Warendorf,nott@live.de,65,,0
47,Herr Prof. Dr.,Gabriele,Stumpf,Walterstr. 61,Lahr/Schwarzwald,marc31@yahoo.de,58,42.00,2
48,Herr,Anke,Hesse,Dietmar-Kiefer-Allee 967,Meißen,margitta.heim@t-online.de,51,100.00,2
56,Frau Prof.,Ahmet,Kröger,Helge-Kirchner-Gasse 19a,Amberg,khenke@posteo.de,42,178.00,3
184,Frau,Holger,Gabriel,Änne-Schrader-Ring 4,Norden,hahn.hansotto@mail.de,24,287.00,6
185,Frau,Mike,Frank,Krögerweg 35c,Langen,gretel72@yahoo.de,39,281.00,7
11,Herr Prof.,Reiner,Reichel,Günter-Kunz-Platz 09a,Rostock,august.bender@live.de,24,56.00,1
12,Frau Prof. Dr.,Lilo,Niemann,Mayallee 9/3,Husum,christa41@googlemail.com,31,82.00,1
14,Frau Prof.,Hedwig,Grimm,Baderstr. 66c,Schwabach,bohme.kirstin@live.de,69,245.00,3
188,Herr Prof. Dr.,Walther,Eder,Burgerweg 2/0,Kempen,ida.otto@yahoo.de,54,299.00,7
189,Herr Prof. Dr.,Robert,Bader,Gebhard-Nowak-Allee 66b,Leonberg,pauline91@gmail.com,55,186.00,4
190,Herr Dr.,Hans-Otto,Martin,Langerweg 1,Dillenburg,ulf.dietz@gmx.de,59,574.00,13
191,Frau Dr.,Anke,Mayr,Ali-Eder-Gasse 067,Strausberg,sara.scholz@gmail.com,64,246.00,5
192,Frau Dr.,Arnd,Busse,Buckallee 6,Eschweiler,nicole.kuhn@posteo.de,70,647.00,12
193,Herr Dr.,Steffi,Engelhardt,Stollgasse 9a,Neusäß,kruger.gisela@yahoo.de,25,536.00,11
194,Herr Prof.,Emmy,Sturm,Jenny-Keßler-Weg 381,Homburg,sigurd09@hotmail.de,19,1207.00,18
